DEPT,RILD,RILM,GR,SP,FRES,TMP
F,,,,,OHMM,DEGF
6.0,62.639,90.139,53.38,-204.99,nan,nan
6.5,67.639,191.25,49.778,-203.99,nan,nan
7.0,68.188,188.6,49.771,-204.32,nan,nan
7.5,68.173,203.31,50.035,-204.22,nan,nan
8.0,70.051,193.73,52.19,-203.95,nan,nan
8.5,70.734,99.861,52.161,-203.68,nan,nan
9.0,70.73,191.25,52.798,-203.41,nan,nan
9.5,70.111,130.83,52.895,-203.48,nan,nan
10.0,68.808,94.028,52.502,-203.71,nan,nan
10.5,67.653,182.65,52.554,-203.88,nan,nan
11.0,70.005,233.64,53.519,-203.88,nan,nan
11.5,74.482,276.24,55.948,-203.88,nan,nan
12.0,74.037,244.47,58.337,-203.88,nan,nan
12.5,72.422,203.27,59.579,-203.83,nan,nan
13.0,69.907,79.067,57.13,-203.39,nan,nan
13.5,65.926,59.758,54.617,-203.26,nan,nan
14.0,64.324,57.491,55.25,-202.97,nan,nan
14.5,65.131,61.499,58.932,-203.06,nan,nan
15.0,65.487,54.759,62.955,-201.32,nan,nan
15.5,66.204,52.881,62.855,-202.07,nan,nan
16.0,65.838,53.87,60.314,-197.7,nan,nan
16.5,64.88,55.273,57.849,-196.61,nan,nan
17.0,63.928,54.953,57.311,-197.2,nan,nan
17.5,62.977,53.483,57.698,-194.53,nan,nan
18.0,62.026,51.32,56.573,-195.2,nan,nan
18.5,61.083,51.766,54.514,-195.93,nan,nan
19.0,61.171,50.136,53.792,-196.12,nan,nan
19.5,61.978,49.443,53.796,-196.29,nan,nan
20.0,62.537,47.874,53.932,-195.55,nan,nan
20.5,63.623,47.896,54.442,-195.26,nan,nan
21.0,63.964,48.716,56.38,-197.23,nan,nan
21.5,63.201,57.944,56.676,-199.19,nan,nan
22.0,61.789,60.05,54.172,-201.76,nan,nan
22.5,60.517,55.609,52.071,-204.44,nan,nan
23.0,61.276,59.816,53.46,-204.47,nan,nan
23.5,61.029,64.5,55.826,-204.52,nan,nan
24.0,61.944,65.143,55.868,-204.57,nan,nan
24.5,62.837,69.706,54.322,-204.62,nan,nan
25.0,63.725,73.812,56.373,-204.66,nan,nan
25.5,64.031,75.94,58.866,-204.71,nan,nan
26.0,64.009,74.099,58.274,-204.76,nan,nan
26.5,65.234,77.355,54.607,-204.81,nan,nan
27.0,64.376,86.888,51.083,-204.86,nan,nan
27.5,63.246,74.98,49.748,-204.91,nan,nan
28.0,63.878,131.57,52.215,-204.96,nan,nan
28.5,64.498,214.9,56.567,-205.01,nan,nan
29.0,65.916,221.25,58.551,-205.06,nan,nan
29.5,67.375,206.56,56.502,-205.11,nan,nan
30.0,68.892,223.8,53.25,-205.16,nan,nan
30.5,67.089,206.97,51.546,-205.21,nan,nan
31.0,65.839,106.67,50.611,-205.25,nan,nan
31.5,66.554,102.61,50.582,-205.3,nan,nan
32.0,67.899,212.38,49.218,-205.35,nan,nan
32.5,69.256,218.75,48.385,-205.4,nan,nan
33.0,68.409,193.34,49.544,-205.45,nan,nan
33.5,66.946,194.79,49.885,-205.5,nan,nan
34.0,64.998,89.262,46.362,-205.52,nan,nan
34.5,63.348,91.119,41.453,-205.39,nan,nan
35.0,62.025,82.145,40.362,-205.26,nan,nan
35.5,62.43,79.354,42.148,-205.14,nan,nan
36.0,64.492,78.093,43.359,-205.02,nan,nan
36.5,63.997,77.152,41.031,-202.1,nan,nan
37.0,64.021,76.108,38.824,-193.96,nan,nan
37.5,64.56,82.581,37.761,-180.8,nan,nan
38.0,63.467,72.358,39.502,-175.19,nan,nan
38.5,62.276,68.889,42.861,-169.67,nan,nan
39.0,61.092,69.086,45.044,-169.8,nan,nan
39.5,60.334,68.69,45.564,-170.21,nan,nan
40.0,59.629,71.537,42.985,-173.18,nan,nan
40.5,57.928,72.01,39.738,-182.93,nan,nan
41.0,54.911,63.0,37.863,-192.27,nan,nan
41.5,52.016,58.866,39.395,-192.38,nan,nan
42.0,51.561,51.944,44.624,-184.44,nan,nan
42.5,52.551,48.362,47.81,-168.9,nan,nan
43.0,53.36,42.472,45.786,-160.65,nan,nan
43.5,47.548,34.207,42.597,-168.51,nan,nan
44.0,39.789,25.163,40.268,-162.98,nan,nan
44.5,34.385,24.096,39.806,-185.69,nan,nan
45.0,33.986,24.761,39.247,-186.98,nan,nan
45.5,32.665,23.542,39.821,-192.68,nan,nan
46.0,31.311,21.829,38.652,-191.47,nan,nan
46.5,30.318,22.108,36.793,-194.52,nan,nan
47.0,29.639,22.098,37.114,-196.98,nan,nan
47.5,28.93,20.452,38.32,-194.42,nan,nan
48.0,28.062,19.055,37.694,-191.29,nan,nan
48.5,27.281,18.184,37.31,-191.39,nan,nan
49.0,25.901,16.568,39.007,-203.12,nan,nan
49.5,23.619,14.893,45.935,-204.56,nan,nan
50.0,21.671,14.397,53.152,-204.71,nan,nan
50.5,21.023,14.154,55.875,-204.87,nan,nan
51.0,20.376,13.738,56.69,-204.95,nan,nan
51.5,19.727,13.156,55.539,-204.78,nan,nan
52.0,19.078,12.626,54.732,-204.64,nan,nan
52.5,18.463,12.37,54.637,-204.23,nan,nan
53.0,18.096,12.594,54.527,-175.81,nan,nan
53.5,17.745,12.829,52.365,-103.23,nan,nan
54.0,17.755,12.948,49.521,16.644,nan,nan
54.5,17.925,13.144,46.724,35.134,nan,nan
55.0,18.096,13.582,43.111,38.728,nan,nan
55.5,17.957,14.025,38.243,35.612,nan,nan
56.0,17.365,14.09,34.223,28.728,nan,nan
56.5,16.144,13.488,35.182,-10.426,nan,nan
57.0,14.878,12.1,36.348,-94.786,nan,nan
57.5,13.611,10.452,39.104,-136.35,nan,nan
58.0,12.344,8.8667,43.994,-127.02,nan,nan
58.5,11.078,7.2841,50.187,-125.09,nan,nan
59.0,9.857,6.4332,56.485,-108.97,nan,nan
59.5,9.2081,5.9633,59.464,-38.635,nan,nan
60.0,8.4619,5.9715,70.132,36.493,nan,nan
60.5,8.0556,5.9722,70.682,37.574,nan,nan
61.0,7.6529,5.9971,67.324,39.249,nan,nan
61.5,7.7508,6.1443,67.506,40.441,nan,nan
62.0,7.8691,6.2885,68.167,40.435,nan,nan
62.5,7.9881,6.4338,70.123,41.518,nan,nan
63.0,8.1073,6.4367,70.835,41.19,nan,nan
63.5,8.2229,6.1657,70.094,41.446,nan,nan
64.0,8.3298,5.892,67.365,40.003,nan,nan
64.5,8.4366,5.7436,65.918,41.055,nan,nan
65.0,8.5435,5.9368,66.876,40.074,nan,nan
65.5,8.6514,6.1206,67.75,37.33,nan,nan
66.0,8.7715,6.4822,66.879,38.541,nan,nan
66.5,9.4312,7.171,65.556,41.126,nan,nan
67.0,10.21,8.0687,60.496,43.881,nan,nan
67.5,11.249,9.3455,55.464,45.599,nan,nan
68.0,12.295,10.004,51.827,45.91,nan,nan
68.5,12.911,9.4692,52.602,45.019,nan,nan
69.0,12.917,8.9408,55.188,43.781,nan,nan
69.5,12.806,8.5622,56.801,41.518,nan,nan
70.0,12.638,8.2846,56.722,41.551,nan,nan
70.5,12.464,8.4365,55.931,40.804,nan,nan
71.0,12.659,8.3793,57.917,39.582,nan,nan
71.5,12.876,8.9338,60.296,41.149,nan,nan
72.0,13.189,9.6305,60.208,41.461,nan,nan
72.5,14.292,10.324,56.644,41.327,nan,nan
73.0,15.5,10.987,56.95,41.196,nan,nan
73.5,14.967,10.984,60.202,41.064,nan,nan
74.0,14.055,10.37,65.775,41.9,6.98,63.081
74.5,13.143,9.6761,68.807,43.803,6.975,62.923
75.0,12.234,8.9815,64.607,48.482,6.969,62.9
75.5,11.384,8.2868,58.18,52.706,6.964,62.909
76.0,10.597,7.5905,55.77,52.923,6.959,62.918
76.5,9.8086,6.9903,57.323,53.141,6.954,62.928
77.0,9.0201,6.5092,59.488,53.366,6.949,62.937
77.5,8.2356,6.211,59.312,53.594,6.944,62.947
78.0,8.0187,6.0887,58.025,53.54,6.939,62.956
78.5,8.1943,5.9808,57.268,52.947,6.934,62.966
79.0,8.3677,6.3016,55.696,52.801,6.929,62.975
79.5,8.6481,6.629,54.334,53.297,6.924,62.985
80.0,9.0846,7.2964,54.852,53.798,6.919,62.994
80.5,9.5063,8.321,57.525,54.31,6.913,63.003
81.0,10.988,9.9439,55.945,55.497,6.908,63.012
81.5,12.607,11.642,50.437,56.554,6.911,63.021
82.0,13.815,13.346,45.02,56.752,6.915,63.03
82.5,14.552,14.549,43.789,56.959,6.919,63.039
83.0,15.164,14.404,45.571,56.782,6.922,63.048
83.5,15.265,13.306,47.551,56.229,6.926,63.057
84.0,15.366,12.39,49.067,55.897,6.929,63.066
84.5,15.09,11.53,52.494,55.784,6.933,63.075
85.0,14.475,10.587,54.152,55.671,6.936,63.084
85.5,13.957,10.136,52.585,55.558,6.94,63.093
86.0,13.788,10.255,49.113,55.45,6.944,63.066
86.5,14.05,11.024,43.066,55.786,6.947,63.028
87.0,15.592,12.576,36.343,56.415,6.951,62.989
87.5,17.228,14.553,34.681,57.042,6.954,62.95
88.0,20.067,17.916,38.884,56.695,6.958,62.912
88.5,24.816,21.076,47.218,56.316,6.962,62.873
89.0,26.577,20.999,54.333,55.935,6.965,62.834
89.5,27.114,22.553,57.996,55.561,6.969,62.796
90.0,27.234,25.269,58.31,55.68,6.972,62.757
90.5,29.646,29.205,59.517,54.947,6.976,62.718
91.0,32.04,34.648,60.107,56.541,6.979,62.68
91.5,33.658,45.887,56.308,56.205,6.983,62.641
92.0,34.834,51.858,52.204,56.898,6.987,62.602
92.5,35.901,55.659,50.933,58.046,6.99,62.589
93.0,35.199,57.797,52.137,59.24,6.994,62.582
93.5,37.357,54.806,52.377,59.283,6.997,62.574
94.0,40.488,59.602,48.926,58.958,7.001,62.567
94.5,43.637,69.386,45.061,58.009,7.001,62.559
95.0,44.66,67.119,41.699,58.007,7.001,62.552
95.5,45.39,73.028,40.69,58.673,7.001,62.544
96.0,45.829,67.915,42.893,59.836,7.001,62.537
96.5,44.935,66.838,44.823,60.048,7.001,62.529
97.0,45.114,74.688,46.315,60.393,7.001,62.522
97.5,46.234,92.329,48.616,60.388,7.001,62.521
98.0,46.228,83.165,51.344,60.388,7.001,62.52
98.5,46.024,69.683,49.387,60.388,7.001,62.519
99.0,48.496,67.565,44.695,60.388,7.001,62.519
99.5,51.019,86.043,43.593,60.388,7.001,62.518
100.0,51.118,81.454,44.691,60.388,7.001,62.518
100.5,48.5,74.434,45.053,60.516,7.001,62.517
101.0,48.557,77.888,43.866,60.654,7.001,62.517
101.5,48.738,82.663,43.428,60.792,7.001,62.516
102.0,46.568,86.165,44.723,60.941,7.001,62.516
102.5,44.024,89.858,47.213,60.317,7.001,62.515
103.0,42.392,72.07,45.906,59.632,7.001,62.514
103.5,44.129,71.128,43.311,59.281,7.001,62.514
104.0,45.258,72.529,40.376,59.28,7.001,62.513
104.5,45.719,71.561,38.918,59.28,7.001,62.513
105.0,48.2,72.684,37.403,59.275,7.001,62.512
105.5,48.117,68.31,39.867,59.027,7.001,62.512
106.0,46.72,69.605,45.184,58.774,7.001,62.511
106.5,46.724,72.267,50.294,58.522,7.001,62.51
107.0,47.762,73.161,47.766,58.269,7.001,62.51
107.5,48.512,64.196,43.3,58.016,7.001,62.509
108.0,46.394,63.147,43.168,57.763,7.001,62.509
108.5,44.924,62.373,44.355,57.539,7.001,62.508
109.0,48.036,61.419,44.295,57.35,7.001,62.508
109.5,49.922,66.645,43.736,57.162,7.001,62.507
110.0,50.039,69.453,42.887,56.974,7.001,62.507
110.5,47.116,67.429,43.95,56.786,7.001,62.506
111.0,44.836,67.642,44.511,56.599,7.001,62.505
111.5,44.732,63.536,44.618,56.598,7.001,62.505
112.0,44.063,59.429,44.181,56.764,7.001,62.504
112.5,41.131,57.971,45.205,56.931,7.001,62.504
113.0,38.701,59.897,46.125,57.188,7.001,62.503
113.5,36.971,52.962,44.703,57.334,7.001,62.503
114.0,35.422,48.295,43.311,56.965,7.001,62.502
114.5,35.631,49.011,41.897,56.802,7.001,62.503
115.0,36.844,50.315,42.715,56.639,7.001,62.504
115.5,38.314,50.963,45.295,56.475,7.001,62.505
116.0,40.016,52.16,47.194,56.312,7.001,62.505
116.5,41.181,49.649,47.216,56.149,7.001,62.506
117.0,40.896,52.176,48.173,55.985,7.001,62.507
117.5,40.612,51.533,50.123,55.822,7.001,62.508
118.0,40.331,48.462,48.889,55.658,7.001,62.509
118.5,40.058,49.77,44.603,55.495,7.001,62.51
119.0,39.161,48.278,40.583,55.332,7.001,62.511
119.5,37.067,47.747,39.945,55.168,7.001,62.512
120.0,36.445,46.481,41.573,55.005,7.0,62.513
120.5,36.027,48.002,43.196,54.841,7.0,62.514
121.0,35.611,51.173,44.225,54.678,7.0,62.515
121.5,35.194,47.31,46.07,54.515,7.0,62.516
122.0,34.798,43.441,47.059,54.351,6.999,62.517
122.5,35.154,45.324,47.819,54.188,6.999,62.518
123.0,35.942,46.451,45.303,54.024,6.999,62.518
123.5,35.142,46.865,43.365,53.861,6.998,62.519
124.0,34.486,46.453,41.446,53.698,6.998,62.52
124.5,33.815,45.536,41.455,53.534,6.998,62.521
125.0,34.658,44.624,42.173,53.371,6.998,62.522
125.5,35.341,44.316,43.396,53.209,6.997,62.523
126.0,35.038,42.159,42.103,52.999,6.997,62.524
126.5,35.056,42.978,41.551,52.783,6.997,62.525
127.0,35.791,43.054,43.818,52.567,6.997,62.526
127.5,36.501,42.821,48.247,52.352,6.996,62.527
128.0,36.039,42.107,49.855,52.136,6.996,62.528
128.5,37.446,42.521,49.793,51.92,6.996,62.529
129.0,36.627,41.458,50.888,51.705,6.996,62.53
129.5,34.397,40.395,51.835,51.489,6.995,62.531
130.0,32.742,39.608,51.292,51.273,6.995,62.531
130.5,32.227,40.102,50.918,51.06,6.995,62.532
131.0,33.127,38.75,52.32,51.131,6.995,62.533
131.5,32.416,37.395,54.159,51.407,6.994,62.534
132.0,32.18,37.735,54.987,51.682,6.994,62.535
132.5,32.28,36.854,52.682,51.959,6.994,62.536
133.0,31.58,36.585,46.963,52.445,6.993,62.537
133.5,31.388,35.519,41.035,53.096,6.993,62.538
134.0,31.651,34.623,38.836,53.73,6.993,62.539
134.5,31.472,36.544,40.74,53.767,6.993,62.54
135.0,31.123,38.458,45.039,53.796,6.992,62.541
135.5,32.783,35.425,47.936,53.824,6.992,62.542
136.0,31.569,35.897,48.356,53.851,6.992,62.543
136.5,31.572,36.609,46.375,53.879,6.992,62.544
137.0,32.702,34.857,45.204,53.907,6.991,62.544
137.5,32.416,34.282,46.392,53.935,6.991,62.545
138.0,32.773,32.206,47.631,53.963,6.991,62.546
138.5,34.212,32.12,48.131,53.991,6.991,62.547
139.0,32.748,32.507,47.857,54.018,6.99,62.548
139.5,30.211,30.913,49.517,54.046,6.99,62.549
140.0,27.931,28.3,51.596,54.074,6.99,62.55
140.5,26.524,25.692,53.651,54.102,6.99,62.551
141.0,25.099,24.092,56.34,54.13,6.989,62.552
141.5,25.022,25.177,59.099,54.158,6.989,62.553
142.0,25.223,26.487,58.678,54.186,6.989,62.554
142.5,25.426,25.447,57.244,54.213,6.988,62.555
143.0,25.627,25.903,57.879,54.241,6.988,62.556
143.5,25.398,25.061,60.351,54.269,6.988,62.557
144.0,24.936,24.314,63.865,54.323,6.988,62.557
144.5,25.053,26.513,66.389,54.586,6.987,62.56
145.0,25.294,26.82,70.007,54.843,6.987,62.565
145.5,25.535,26.91,72.071,54.88,6.987,62.569
146.0,25.658,26.998,69.315,54.912,6.987,62.574
146.5,25.547,27.121,60.961,54.945,6.986,62.578
147.0,25.422,29.148,54.344,54.977,6.986,62.583
147.5,26.579,29.03,52.239,55.009,6.986,62.588
148.0,28.343,27.595,56.047,55.042,6.986,62.592
148.5,30.418,27.357,60.31,55.074,6.985,62.598
149.0,31.94,27.363,62.986,55.106,6.985,62.605
149.5,30.913,27.367,63.275,55.139,6.985,62.612
150.0,29.894,26.078,65.245,55.171,6.984,62.619
150.5,29.699,24.336,70.47,55.203,6.984,62.625
151.0,29.66,24.101,75.363,55.236,6.984,62.632
151.5,29.844,24.943,79.066,55.268,6.984,62.639
152.0,28.816,23.456,82.914,55.3,6.983,62.646
152.5,28.245,23.787,86.988,55.333,6.983,62.653
153.0,28.347,23.538,85.93,55.364,6.983,62.66
153.5,28.445,23.129,84.559,55.388,6.983,62.667
154.0,29.276,23.993,84.471,56.002,6.982,62.674
154.5,29.581,23.128,86.165,56.694,6.982,62.681
155.0,29.651,22.41,86.432,57.062,6.98,62.687
155.5,29.528,22.154,84.429,57.064,6.977,62.694
156.0,29.098,20.592,82.114,57.063,6.974,62.701
156.5,29.174,21.421,76.784,57.272,6.971,62.708
157.0,29.655,22.612,75.877,57.785,6.968,62.715
157.5,30.695,22.381,76.512,58.282,6.965,62.722
158.0,32.784,23.137,82.002,58.781,6.961,62.729
158.5,34.861,23.342,85.552,59.27,6.958,62.736
159.0,36.773,23.66,87.681,59.279,6.955,62.742
159.5,36.063,25.417,89.67,59.28,6.952,62.749
160.0,35.393,27.127,92.139,59.283,6.949,62.756
160.5,35.362,29.727,96.545,59.003,6.946,62.763
161.0,36.227,32.672,97.47,58.657,6.943,62.77
161.5,35.66,31.248,96.091,58.313,6.939,62.777
162.0,35.193,31.669,89.863,58.309,6.936,62.784
162.5,36.7,34.497,85.621,58.541,6.933,62.791
163.0,36.911,33.225,82.456,58.704,6.93,62.798
163.5,36.609,31.83,79.231,58.56,6.927,62.804
164.0,35.819,28.444,75.654,58.421,6.924,62.811
164.5,35.087,25.926,73.823,58.282,6.921,62.818
165.0,35.849,26.301,71.48,58.081,6.917,62.825
165.5,35.314,24.994,69.775,57.554,6.914,62.832
166.0,34.873,25.366,71.381,57.111,6.911,62.839
166.5,35.179,25.06,73.822,57.402,6.908,62.846
167.0,35.63,25.191,74.803,57.057,6.905,62.853
167.5,36.86,26.304,76.321,56.719,6.902,62.859
168.0,36.508,27.133,76.152,56.382,6.899,62.866
168.5,35.072,24.72,74.248,56.045,6.895,62.873
169.0,33.324,26.142,72.022,55.87,6.892,62.88
169.5,31.247,28.04,73.423,55.755,6.889,62.887
170.0,29.612,25.073,73.129,55.639,6.886,62.894
170.5,28.867,25.902,69.526,55.523,6.883,62.901
171.0,28.969,26.608,63.521,55.407,6.88,62.908
171.5,30.017,27.123,60.919,55.291,6.877,62.914
172.0,29.874,27.636,63.116,55.175,6.873,62.921
172.5,30.577,24.328,66.937,55.059,6.87,62.928
173.0,30.452,24.941,69.67,54.943,6.867,62.935
173.5,29.043,27.227,70.153,54.723,6.864,62.942
174.0,29.299,25.816,67.278,54.549,6.861,62.949
174.5,30.711,26.717,63.113,55.042,6.858,62.956
175.0,32.96,26.668,60.078,55.403,6.855,62.963
175.5,34.303,26.208,60.864,55.402,6.851,62.971
176.0,33.585,26.774,62.386,55.401,6.848,62.982
176.5,31.441,23.957,63.005,55.5,6.845,62.992
177.0,29.287,20.946,63.942,55.967,6.842,63.003
177.5,27.134,17.688,67.065,56.432,6.839,63.013
178.0,25.352,15.25,71.381,57.165,6.836,63.024
178.5,24.932,13.174,74.469,57.95,6.834,63.034
179.0,23.228,12.022,75.483,58.175,6.834,63.045
179.5,21.528,10.62,74.678,58.172,6.834,63.055
180.0,19.836,10.412,74.571,58.167,6.834,63.066
180.5,19.331,11.246,74.457,56.88,6.834,63.076
181.0,19.896,12.5,72.319,55.446,6.834,63.087
181.5,20.986,13.762,66.667,54.561,6.834,63.097
182.0,22.446,15.538,60.492,53.655,6.834,63.108
182.5,25.132,17.793,59.806,52.744,6.834,63.118
183.0,27.221,19.885,63.054,52.477,6.834,63.128
183.5,29.179,20.859,64.269,51.999,6.834,63.139
184.0,30.569,21.792,60.387,51.405,6.834,63.149
184.5,32.088,22.726,55.493,50.814,6.834,63.16
185.0,31.928,23.361,56.233,50.094,6.834,63.17
185.5,30.995,22.641,58.714,49.138,6.834,63.181
186.0,30.422,21.944,58.813,48.178,6.834,63.191
186.5,30.695,21.247,54.624,47.219,6.834,63.202
187.0,29.935,20.415,51.734,46.261,6.849,63.212
187.5,28.892,19.56,54.757,45.415,6.874,63.223
188.0,28.307,18.03,58.717,45.428,6.899,63.255
188.5,28.65,17.104,61.523,45.429,6.924,63.294
189.0,29.25,17.233,65.749,45.432,6.949,63.332
189.5,27.713,17.28,70.531,45.436,6.975,63.371
190.0,26.476,16.584,72.998,44.1,7.0,63.409
190.5,25.409,16.811,73.526,43.548,7.025,63.448
191.0,25.442,16.62,71.671,44.361,7.05,63.486
191.5,25.873,15.985,66.738,44.664,7.075,63.525
192.0,25.492,15.973,58.517,44.959,7.495,63.564
192.5,25.141,15.972,52.509,45.256,8.174,63.647
193.0,25.487,16.079,51.483,44.746,8.853,63.754
193.5,26.944,16.706,55.362,43.027,9.454,63.861
194.0,28.77,18.062,55.796,41.3,9.743,63.968
194.5,30.347,18.955,51.895,39.574,9.967,64.051
195.0,31.584,19.336,47.341,37.849,10.116,64.084
195.5,32.816,20.296,48.997,35.879,10.265,64.117
196.0,33.083,21.218,53.009,33.18,10.414,64.15
196.5,32.276,21.187,56.392,30.485,10.52,64.183
197.0,31.457,20.661,56.101,27.792,10.75,64.216
197.5,31.397,20.159,55.361,25.106,11.003,64.248
198.0,32.433,20.624,52.587,22.038,11.255,64.281
198.5,33.477,20.811,49.775,18.658,11.64,64.314
199.0,32.992,20.162,49.986,15.487,11.986,64.347
199.5,30.146,19.408,52.038,12.967,12.235,64.38
200.0,27.972,18.299,51.239,9.3835,12.43,64.413
200.5,27.382,17.519,47.369,5.0108,12.564,64.445
201.0,27.713,17.276,46.991,1.0074,12.878,64.478
201.5,27.351,16.566,47.418,-2.9893,13.236,64.511
202.0,25.934,15.773,45.329,-6.989,13.595,64.544
202.5,25.847,15.097,43.478,-11.03,13.953,64.577
203.0,25.831,14.766,43.479,-13.41,14.312,64.61
203.5,25.051,14.436,44.747,-15.324,14.67,64.642
204.0,24.185,14.043,46.727,-16.679,15.014,64.675
204.5,22.998,13.604,49.277,-18.034,15.148,64.708
205.0,22.077,13.205,49.829,-19.387,15.283,64.741
205.5,21.47,13.42,49.818,-20.56,15.485,64.774
206.0,20.862,12.934,50.377,-21.729,15.688,64.806
206.5,20.208,12.191,50.242,-22.898,15.877,64.839
207.0,19.441,11.451,48.454,-24.067,15.869,64.872
207.5,18.646,10.712,46.71,-25.236,15.829,64.905
208.0,17.779,10.172,47.529,-26.406,15.849,64.938
208.5,17.154,9.7662,49.653,-27.574,15.989,64.964
209.0,16.626,9.3598,51.768,-28.925,16.128,64.988
209.5,15.788,8.9532,52.479,-30.525,16.227,65.014
210.0,14.861,8.5469,52.267,-32.126,16.215,65.04
210.5,13.93,8.1716,51.082,-33.724,16.204,65.066
211.0,12.948,8.0367,49.173,-35.279,16.192,65.092
211.5,12.565,7.8981,47.094,-37.796,16.18,65.118
212.0,12.239,7.7593,49.609,-40.332,16.114,65.144
212.5,11.98,7.6203,53.02,-42.872,15.999,65.17
213.0,11.721,7.4817,55.81,-45.504,15.884,65.196
213.5,11.151,7.3604,58.007,-48.255,15.769,65.223
214.0,10.645,7.2699,58.964,-51.01,15.654,65.249
214.5,10.265,6.9991,57.043,-53.392,15.557,65.275
215.0,9.8738,6.7271,54.097,-54.93,15.531,65.301
215.5,9.7015,6.4553,51.938,-56.736,15.504,65.327
216.0,9.4222,6.1835,51.784,-58.052,15.481,65.353
216.5,8.9431,5.9115,52.231,-59.305,15.465,65.379
217.0,8.6247,5.6834,52.551,-60.556,15.434,65.405
217.5,8.4168,5.6347,52.547,-61.814,15.317,65.431
218.0,8.2026,5.5853,53.057,-62.427,15.2,65.458
218.5,8.4193,5.5357,56.655,-61.823,15.083,65.484
219.0,8.6592,5.4861,61.549,-60.197,15.019,65.51
219.5,8.8993,5.4375,60.912,-58.585,14.967,65.536
220.0,9.0286,5.5051,57.188,-58.166,14.915,65.562
220.5,9.2004,5.654,51.783,-58.161,14.78,65.588
221.0,9.8018,5.9988,50.828,-58.736,14.64,65.614
221.5,10.694,6.4165,52.396,-58.5,14.499,65.64
222.0,11.736,6.8341,51.711,-57.914,14.358,65.666
222.5,12.742,7.1649,51.108,-58.244,14.217,65.693
223.0,13.457,7.3745,46.731,-59.23,14.076,65.719
223.5,14.174,7.5826,48.122,-58.745,14.009,65.745
224.0,14.873,7.9905,50.861,-59.069,13.969,65.771
224.5,16.117,8.4795,51.81,-59.424,13.928,65.797
225.0,16.926,9.3406,51.968,-59.761,13.887,65.823
225.5,18.628,10.208,49.929,-61.629,13.847,65.849
226.0,20.565,11.077,47.87,-63.21,13.806,65.875
226.5,22.498,11.946,46.096,-63.386,13.679,65.901
227.0,24.287,12.6,43.538,-63.563,13.379,65.928
227.5,23.964,12.315,43.708,-63.742,13.222,66.008
228.0,23.643,12.041,45.433,-63.922,13.093,66.181
228.5,23.321,11.703,47.786,-64.1,12.981,66.336
229.0,22.945,10.892,49.583,-64.181,12.702,66.492
229.5,22.514,10.085,50.005,-63.09,12.623,66.648
230.0,20.805,9.2792,49.599,-62.008,12.615,66.803
230.5,18.193,8.4834,46.879,-61.657,12.608,66.847
231.0,15.979,8.2647,44.814,-61.951,12.601,66.875
231.5,15.69,8.2702,45.057,-61.645,12.593,66.904
232.0,15.895,8.3872,44.142,-61.936,12.586,66.932
232.5,16.126,8.5031,42.839,-62.244,12.579,66.96
233.0,16.249,8.6185,42.045,-62.552,12.572,66.989
233.5,16.252,8.7313,43.474,-63.153,12.564,67.017
234.0,16.292,9.0278,45.225,-63.807,12.557,67.045
234.5,17.507,9.3102,45.929,-64.461,12.572,67.074
235.0,17.187,9.306,44.558,-65.112,12.613,67.105
235.5,16.666,9.3056,44.787,-65.375,12.654,67.174
236.0,16.147,9.3056,43.381,-65.374,12.694,67.243
236.5,16.739,9.3056,41.511,-65.374,12.735,67.312
237.0,17.909,9.3064,40.674,-65.374,12.776,67.381
237.5,18.467,9.3149,39.875,-65.372,12.788,67.451
238.0,17.371,8.7038,39.276,-65.367,12.799,67.479
238.5,16.275,8.4598,35.595,-66.449,12.811,67.49
239.0,16.191,9.014,34.643,-67.857,12.822,67.502
239.5,17.223,9.6396,35.028,-68.328,12.834,67.513
240.0,18.081,10.145,37.831,-68.557,12.846,67.524
240.5,18.566,10.14,37.253,-68.787,12.85,67.536
241.0,18.96,10.139,35.567,-69.017,12.849,67.547
241.5,18.912,10.135,35.82,-69.243,12.848,67.558
242.0,18.053,9.725,38.326,-69.027,12.847,67.57
242.5,17.757,9.0466,41.653,-68.798,12.846,67.581
243.0,18.709,9.3052,42.644,-68.569,12.845,67.587
243.5,19.041,9.5565,43.004,-68.34,12.844,67.593
244.0,17.188,8.4546,42.109,-68.179,12.843,67.599
244.5,15.803,8.1624,41.89,-68.47,12.842,67.605
245.0,15.423,8.6265,40.721,-68.755,12.841,67.611
245.5,16.388,9.089,38.636,-69.04,12.84,67.617
246.0,16.985,9.5672,35.844,-69.325,12.839,67.623
246.5,17.28,9.5825,35.574,-69.609,12.838,67.629
247.0,17.832,9.5833,34.241,-69.894,12.837,67.635
247.5,18.416,9.5833,31.246,-70.18,12.836,67.641
248.0,19.0,9.5834,30.429,-70.302,12.835,67.647
248.5,19.582,9.5829,32.831,-70.152,12.834,67.653
249.0,20.066,9.7622,34.9,-70.0,12.833,67.659
249.5,20.45,10.132,35.176,-69.848,12.832,67.665
250.0,20.572,10.139,35.748,-69.298,12.831,67.671
250.5,20.694,10.145,36.864,-68.604,12.83,67.677
251.0,20.815,10.475,37.169,-67.912,12.829,67.683
251.5,20.936,10.811,34.145,-67.218,12.828,67.689
252.0,22.079,11.146,30.924,-66.927,12.826,67.695
252.5,24.024,11.476,29.251,-66.783,12.825,67.701
253.0,25.977,12.475,31.347,-66.638,12.824,67.707
253.5,25.907,11.444,34.44,-66.492,12.823,67.713
254.0,25.238,11.0,37.232,-66.346,12.822,67.719
254.5,26.25,11.768,39.468,-66.2,12.821,67.725
255.0,26.964,12.104,41.046,-66.054,12.82,67.731
255.5,24.534,10.539,41.722,-65.909,12.819,67.737
256.0,22.682,10.476,41.217,-65.763,12.818,67.743
256.5,24.617,12.435,42.07,-65.617,12.817,67.748
257.0,28.155,13.574,44.923,-65.471,12.816,67.754
257.5,31.218,14.079,47.267,-65.325,12.815,67.76
258.0,30.479,14.265,46.915,-65.18,12.814,67.766
258.5,31.25,15.068,44.371,-65.034,12.813,67.772
259.0,33.342,16.024,43.514,-64.891,12.811,67.778
259.5,33.984,16.971,46.431,-65.162,12.809,67.784
260.0,32.567,17.019,50.209,-65.817,12.807,67.79
260.5,35.274,15.75,52.92,-65.946,12.805,67.796
261.0,43.014,15.195,52.04,-66.096,12.803,67.802
261.5,44.918,16.482,56.473,-66.245,12.801,67.808
262.0,32.154,9.3558,62.39,-66.394,12.799,67.814
262.5,19.693,8.1863,66.248,-66.383,12.797,67.82
263.0,17.604,11.982,63.165,-66.14,12.795,67.826
263.5,23.779,15.928,57.62,-65.895,12.793,67.832
264.0,29.613,17.01,54.0,-65.651,12.791,67.838
264.5,31.897,17.212,52.26,-65.406,12.789,67.844
265.0,32.097,16.975,53.943,-65.21,12.787,67.85
265.5,31.187,16.8,55.838,-65.022,12.785,67.856
266.0,30.123,17.069,56.04,-64.827,12.784,67.862
266.5,29.644,15.995,56.983,-64.868,12.782,67.868
267.0,30.239,15.983,58.888,-64.919,12.78,67.874
267.5,30.82,15.101,60.578,-64.97,12.778,67.88
268.0,30.885,14.009,61.71,-65.022,12.776,67.886
268.5,30.762,12.925,61.061,-65.073,12.774,67.892
269.0,29.619,12.254,58.67,-65.124,12.772,67.899
269.5,27.338,11.592,57.537,-65.176,12.77,67.912
270.0,23.595,10.998,59.978,-65.227,12.768,67.925
270.5,22.719,11.69,61.397,-65.278,12.766,67.939
271.0,24.059,12.361,61.207,-65.329,12.764,67.952
271.5,26.792,13.032,60.026,-65.368,12.762,67.965
272.0,29.422,13.726,58.847,-65.312,12.76,67.979
272.5,30.055,13.664,56.62,-65.257,12.758,67.992
273.0,28.243,13.574,56.273,-65.202,12.756,68.005
273.5,26.011,13.469,55.997,-65.147,12.754,68.019
274.0,26.68,14.3,55.04,-65.092,12.752,68.032
274.5,27.959,15.256,53.875,-65.038,12.75,68.045
275.0,29.342,16.208,52.149,-64.983,12.748,68.059
275.5,30.561,16.335,51.114,-64.928,12.746,68.072
276.0,30.341,16.032,50.36,-64.873,12.744,68.085
276.5,31.094,15.735,49.644,-64.818,12.742,68.099
277.0,32.872,15.423,46.625,-64.764,12.74,68.112
277.5,33.168,14.49,45.323,-64.709,12.738,68.125
278.0,30.879,13.499,46.273,-64.654,12.733,68.139
278.5,28.574,12.65,47.875,-64.599,12.729,68.152
279.0,27.644,12.874,47.295,-64.544,12.724,68.166
279.5,26.723,13.083,45.325,-64.489,12.72,68.179
280.0,26.236,13.481,44.922,-64.435,12.716,68.193
280.5,28.286,14.087,44.512,-64.38,12.711,68.206
281.0,30.469,14.702,43.448,-64.325,12.707,68.22
281.5,32.232,14.586,44.306,-64.27,12.702,68.234
282.0,30.422,11.912,46.608,-64.215,12.698,68.247
282.5,28.065,10.493,50.234,-64.16,12.693,68.261
283.0,33.569,12.165,53.652,-64.106,12.689,68.275
283.5,34.429,10.693,56.61,-64.051,12.684,68.288
284.0,25.985,7.9594,58.106,-63.996,12.68,68.302
284.5,20.746,7.4013,59.16,-63.941,12.675,68.316
285.0,22.085,9.8267,59.798,-63.886,12.671,68.329
285.5,23.635,10.898,60.03,-63.831,12.667,68.343
286.0,22.468,7.988,53.6,-63.777,12.662,68.357
286.5,24.29,10.031,49.074,-63.722,12.658,68.37
287.0,30.752,13.172,49.049,-63.563,12.653,68.384
287.5,31.991,11.605,54.098,-63.381,12.649,68.398
288.0,23.911,8.8483,51.834,-63.198,12.641,68.411
288.5,22.464,11.18,45.424,-63.157,12.63,68.425
289.0,29.828,15.171,45.203,-63.118,12.618,68.439
289.5,36.36,16.085,47.978,-63.049,12.607,68.452
290.0,35.939,14.788,49.622,-62.979,12.595,68.466
290.5,32.437,16.117,48.162,-62.91,12.584,68.48
291.0,31.758,16.806,45.971,-62.841,12.572,68.493
291.5,31.058,16.441,45.071,-62.772,12.56,68.507
292.0,32.909,15.15,46.032,-62.7,12.549,68.521
292.5,41.151,15.901,45.854,-62.607,12.537,68.534
293.0,46.471,13.908,45.165,-62.149,12.526,68.548
293.5,35.658,9.9931,45.926,-62.539,12.514,68.562
294.0,25.836,8.0894,46.845,-62.471,12.503,68.575
294.5,24.598,9.2773,51.208,-62.392,12.491,68.589
295.0,27.252,9.301,55.623,-62.311,12.479,68.603
295.5,30.795,10.027,55.587,-62.23,12.468,68.616
296.0,34.364,10.251,53.057,-62.148,12.456,68.63
296.5,34.75,8.7791,51.035,-62.066,12.445,68.644
297.0,31.502,8.7535,50.645,-62.155,12.433,68.657
297.5,28.29,8.4488,52.388,-62.291,12.422,68.671
298.0,24.973,7.0141,57.394,-62.427,12.41,68.684
298.5,25.056,7.306,62.021,-62.562,12.398,68.698
299.0,26.606,9.2211,62.039,-62.698,12.387,68.712
299.5,24.681,8.8316,58.734,-62.834,12.375,68.725
300.0,19.501,7.9173,53.549,-62.969,12.364,68.739
300.5,20.28,11.086,48.408,-63.102,12.352,68.753
301.0,32.043,15.98,44.352,-62.938,12.337,68.766
301.5,41.177,16.799,42.998,-62.573,12.32,68.78
302.0,40.696,17.291,42.111,-62.209,12.303,68.794
302.5,41.331,18.721,44.732,-61.845,12.286,68.807
303.0,44.379,19.143,46.269,-61.482,12.269,68.821
303.5,47.849,18.867,46.456,-61.12,12.252,68.835
304.0,47.554,19.248,46.694,-60.858,12.235,68.848
304.5,42.899,20.076,46.216,-60.698,12.218,68.862
305.0,39.878,19.461,43.962,-60.537,12.201,68.876
305.5,45.778,15.549,43.339,-60.412,12.183,68.889
306.0,57.488,17.725,46.933,-60.733,12.166,68.903
306.5,51.535,14.262,52.473,-61.055,12.149,68.917
307.0,29.097,5.872,56.974,-61.376,12.132,68.93
307.5,12.105,4.2004,59.394,-61.497,12.115,68.943
308.0,9.9759,5.9955,58.006,-61.496,12.098,68.955
308.5,16.752,8.322,56.199,-61.496,12.081,68.967
309.0,22.597,9.9668,55.243,-61.495,12.064,68.979
309.5,19.415,8.7284,59.015,-61.499,12.047,68.991
310.0,14.161,6.2855,63.644,-62.273,12.029,69.002
310.5,13.749,8.3453,66.359,-62.063,12.011,69.014
311.0,19.654,11.518,64.935,-62.001,11.993,69.026
311.5,27.23,11.617,65.076,-61.926,11.975,69.038
312.0,27.442,11.7,66.847,-61.854,11.957,69.05
312.5,27.534,11.783,67.615,-61.783,11.939,69.062
313.0,27.616,11.867,67.285,-61.711,11.92,69.074
313.5,28.324,11.95,67.03,-61.639,11.902,69.086
314.0,29.186,12.031,69.314,-61.565,11.884,69.098
314.5,31.039,12.68,71.747,-61.458,11.866,69.11
315.0,35.612,14.847,72.446,-59.752,11.848,69.122
315.5,41.5,17.751,69.954,-58.034,11.83,69.133
316.0,45.497,20.666,64.137,-56.313,11.812,69.145
316.5,48.976,23.421,59.917,-54.565,11.794,69.157
317.0,50.811,24.912,56.465,-53.833,11.776,69.169
317.5,53.753,27.269,54.502,-53.272,11.757,69.181
318.0,57.309,29.895,53.026,-52.7,11.739,69.193
318.5,58.443,31.2,52.771,-53.02,11.721,69.205
319.0,59.11,31.772,54.274,-53.476,11.702,69.217
319.5,59.164,32.099,55.149,-53.577,11.684,69.229
320.0,57.57,32.339,54.517,-53.201,11.666,69.241
320.5,58.091,32.189,56.192,-52.822,11.647,69.253
321.0,55.528,31.699,58.839,-52.442,11.629,69.265
321.5,52.866,30.557,56.466,-52.076,11.611,69.276
322.0,50.72,29.411,53.179,-51.869,11.592,69.288
322.5,50.089,27.751,53.191,-51.666,11.574,69.3
323.0,47.785,25.879,56.37,-51.672,11.556,69.312
323.5,42.816,22.886,56.105,-52.216,11.537,69.324
324.0,36.044,20.0,53.652,-52.76,11.519,69.336
324.5,31.83,17.114,54.132,-53.304,11.501,69.348
325.0,28.029,14.12,56.792,-54.083,11.482,69.36
325.5,24.235,12.086,58.459,-56.107,11.464,69.372
326.0,20.649,10.098,58.71,-58.123,11.449,69.409
326.5,18.838,8.6418,58.895,-58.854,11.435,69.502
327.0,17.109,8.3206,59.379,-58.79,11.421,69.595
327.5,16.32,8.2357,56.986,-59.191,11.408,69.688
328.0,16.015,8.3986,52.298,-59.044,11.085,69.754
328.5,16.647,8.9486,52.298,-58.905,10.557,69.761
329.0,17.492,9.8423,54.811,-58.768,10.322,69.769
329.5,18.337,10.737,56.378,-58.63,10.233,69.777
330.0,19.184,10.975,53.988,-58.493,10.145,69.785
330.5,20.048,10.973,52.122,-58.356,10.104,69.793
331.0,19.444,10.97,53.256,-58.218,10.082,69.801
331.5,18.572,10.555,55.596,-57.435,10.059,69.809
332.0,17.196,10.127,57.62,-56.327,10.037,69.817
332.5,15.823,9.695,57.975,-55.616,10.014,69.825
333.0,14.451,8.9447,55.447,-56.331,9.992,69.833
333.5,13.078,8.0693,53.733,-57.894,9.969,69.84
334.0,11.71,7.1951,56.002,-58.758,9.947,69.854
334.5,10.864,6.3228,63.066,-58.841,9.924,69.869
335.0,10.143,5.7927,69.889,-58.919,9.902,69.885
335.5,9.4245,5.495,74.918,-58.998,9.879,69.9
336.0,9.3055,5.188,77.228,-59.076,9.857,69.916
336.5,9.3054,5.3468,79.18,-59.154,9.834,69.931
337.0,9.3032,5.6075,81.262,-59.234,9.812,69.947
337.5,9.7844,5.8707,84.558,-59.123,9.789,69.962
338.0,10.515,6.3446,89.664,-58.739,9.767,69.978
338.5,11.343,7.1256,95.142,-58.352,9.747,69.993
339.0,13.811,8.3372,97.948,-57.966,9.736,70.009
339.5,16.275,9.5477,93.975,-57.58,9.726,70.024
340.0,18.409,10.757,82.192,-57.202,9.715,70.04
340.5,19.875,11.874,70.445,-57.239,9.705,70.055
341.0,21.211,12.279,62.68,-57.351,9.694,70.071
341.5,20.219,12.645,61.213,-57.677,9.683,70.086
342.0,19.255,12.636,64.738,-58.006,9.673,70.102
342.5,18.289,12.049,67.59,-57.952,9.662,70.117
343.0,17.324,10.942,70.446,-57.519,9.652,70.133
343.5,16.353,9.8347,70.985,-57.078,9.641,70.148
344.0,15.092,8.7253,69.982,-57.21,9.631,70.164
344.5,13.617,7.7904,71.605,-57.362,9.62,70.179
345.0,12.461,7.3417,74.403,-57.517,9.609,70.195
345.5,12.155,6.9047,76.094,-57.533,9.599,70.211
346.0,12.744,7.8146,75.856,-57.275,9.588,70.226
346.5,13.888,8.8485,75.505,-57.017,9.578,70.242
347.0,15.035,10.271,72.405,-56.759,9.567,70.257
347.5,16.181,11.694,72.127,-56.505,9.557,70.273
348.0,17.325,12.768,71.542,-56.225,9.546,70.288
348.5,18.436,13.167,73.033,-55.961,9.535,70.304
349.0,17.574,12.1,73.007,-56.01,9.525,70.319
349.5,15.598,10.838,72.521,-56.062,9.514,70.335
350.0,13.957,9.5748,73.7,-56.115,9.504,70.35
350.5,12.916,8.313,73.766,-56.168,9.493,70.366
351.0,11.912,7.3524,71.558,-56.22,9.483,70.381
351.5,10.92,6.7391,67.582,-56.273,9.472,70.397
352.0,9.8962,6.2958,66.314,-56.326,9.461,70.412
352.5,10.016,6.6056,66.778,-56.379,9.451,70.428
353.0,10.179,6.8942,66.223,-56.431,9.44,70.443
353.5,10.344,7.0498,66.656,-56.482,9.43,70.459
354.0,10.508,6.9189,69.292,-56.007,9.419,70.474
354.5,10.676,6.7882,75.379,-55.013,9.408,70.49
355.0,10.606,6.658,80.734,-55.345,9.398,70.505
355.5,10.505,6.5278,81.356,-55.973,9.387,70.521
356.0,10.403,6.3974,76.995,-56.508,9.377,70.536
356.5,10.301,6.2658,74.242,-56.419,9.366,70.552
357.0,10.199,6.2497,73.107,-56.338,9.356,70.568
357.5,10.134,6.2496,74.812,-56.258,9.345,70.583
358.0,10.461,6.3886,77.268,-56.178,9.334,70.599
358.5,10.833,6.8038,79.954,-56.098,9.324,70.614
359.0,11.205,6.8653,79.257,-56.018,9.313,70.63
359.5,11.533,7.0435,79.155,-55.938,9.303,70.645
360.0,11.528,7.2222,79.877,-55.858,9.292,70.661
360.5,11.528,7.4013,80.608,-55.778,9.282,70.676
361.0,11.528,7.579,80.234,-55.698,9.271,70.692
361.5,11.525,7.3632,79.435,-55.618,9.26,70.707
362.0,11.279,6.9447,79.259,-55.539,9.25,70.723
362.5,10.862,6.5273,79.462,-55.473,9.239,70.739
363.0,10.43,6.1118,80.068,-54.92,9.229,70.755
363.5,10.195,5.9701,79.772,-55.382,9.218,70.771
364.0,9.9564,5.972,76.82,-55.307,9.208,70.788
364.5,9.7173,5.9721,73.559,-55.229,9.197,70.804
365.0,9.4641,5.9723,74.343,-55.151,9.186,70.82
365.5,9.8751,6.0286,78.15,-55.073,9.176,70.836
366.0,9.6038,6.4972,81.995,-54.995,9.165,70.852
366.5,10.168,6.9622,80.701,-54.917,9.155,70.868
367.0,10.712,6.9424,78.647,-54.839,9.144,70.884
367.5,10.836,6.7451,76.567,-54.761,9.134,70.9
368.0,10.58,6.5495,76.111,-54.683,9.123,70.917
368.5,10.324,6.3543,77.855,-54.605,9.112,70.933
369.0,10.068,6.2141,79.305,-54.527,9.102,70.949
369.5,9.8124,6.1368,79.071,-54.449,9.091,70.965
370.0,9.5566,6.0597,78.028,-54.371,9.081,70.981
370.5,9.301,5.9825,71.38,-54.287,9.07,70.997
371.0,9.0365,5.9053,64.66,-53.878,9.06,71.013
371.5,8.977,5.8281,63.425,-53.462,9.049,71.03
372.0,8.9218,5.7501,68.207,-53.146,9.038,71.046
372.5,8.867,5.744,75.538,-53.029,9.028,71.062
373.0,8.812,5.9331,79.666,-52.912,9.016,71.078
373.5,8.7554,6.1159,79.743,-52.795,9.004,71.094
374.0,8.8253,6.7591,76.367,-52.678,8.992,71.11
374.5,8.9124,6.6576,74.212,-52.561,8.98,71.126
375.0,8.9986,6.5073,72.449,-52.444,8.968,71.142
375.5,8.7824,6.3541,71.691,-52.327,8.956,71.159
376.0,8.4107,6.1383,73.23,-52.21,8.944,71.175
376.5,8.0401,5.8058,73.371,-52.09,8.931,71.191
377.0,7.6698,5.4724,71.476,-52.187,8.919,71.207
377.5,7.2989,5.1424,70.317,-52.313,8.907,71.223
378.0,6.9297,4.9903,71.708,-52.438,8.895,71.239
378.5,6.8696,4.8589,71.246,-52.566,8.883,71.277
379.0,6.9704,4.8609,70.541,-51.974,8.871,71.397
379.5,7.0669,4.8635,71.75,-50.575,8.859,72.114
380.0,7.3415,5.0981,73.322,-50.956,8.847,72.853
380.5,7.6408,5.495,75.017,-51.58,8.835,73.592
381.0,7.9568,5.8901,75.001,-52.088,8.823,73.96
381.5,9.1894,7.1462,77.764,-51.184,8.519,74.097
382.0,10.398,8.6121,80.709,-48.968,7.255,74.204
382.5,11.855,9.7844,84.012,-47.644,5.763,74.257
383.0,13.189,10.674,83.056,-48.548,5.508,74.286
383.5,13.195,10.988,77.04,-48.614,5.381,74.315
384.0,13.192,10.327,72.452,-48.749,5.367,74.344
384.5,12.824,9.5484,72.049,-49.284,5.352,74.373
385.0,12.13,8.7663,75.955,-51.422,5.338,74.402
385.5,11.441,8.0207,76.894,-53.007,5.323,74.431
386.0,10.62,7.3698,74.724,-52.315,5.309,74.46
386.5,10.337,6.7961,72.223,-54.475,5.294,74.489
387.0,10.04,6.8043,74.035,-55.962,5.28,74.518
387.5,9.7557,6.8046,78.172,-55.956,5.265,74.547
388.0,9.6875,7.0221,82.311,-55.956,5.251,74.576
388.5,9.881,7.315,83.912,-55.955,5.236,74.605
389.0,11.052,7.9664,84.945,-56.215,5.222,74.634
389.5,12.067,8.44,83.857,-56.749,5.207,74.663
390.0,11.771,8.307,81.236,-57.032,5.193,74.692
390.5,11.635,8.1767,77.738,-57.076,5.178,74.721
391.0,12.607,9.1336,75.947,-57.569,5.164,74.75
391.5,13.036,10.216,74.658,-57.438,5.149,74.777
392.0,13.465,11.292,70.866,-57.298,5.135,74.796
392.5,13.892,11.635,64.043,-57.161,5.12,74.816
393.0,14.321,11.301,57.316,-57.023,5.106,74.835
393.5,14.75,11.615,50.611,-56.886,5.091,74.854
394.0,14.631,11.495,46.467,-56.748,5.077,74.873
394.5,14.312,10.972,45.185,-56.61,5.068,74.892
395.0,13.995,10.451,46.685,-56.509,5.063,74.911
395.5,13.678,9.929,48.265,-56.51,5.058,74.93
396.0,13.36,9.5834,48.361,-56.51,5.054,74.949
396.5,13.045,9.582,46.572,-56.51,5.049,74.968
397.0,12.916,9.4912,46.134,-56.509,5.045,74.987
397.5,12.917,9.3364,48.589,-56.588,5.04,75.007
398.0,12.917,9.1821,51.302,-56.845,5.036,75.026
398.5,12.917,9.0278,52.159,-57.03,5.031,75.045
399.0,12.917,8.8735,50.772,-56.757,5.027,75.064
399.5,12.64,8.7191,49.96,-56.49,5.022,75.083
400.0,12.223,8.5637,51.055,-56.224,5.017,75.102
400.5,12.154,8.6076,52.557,-55.958,5.013,75.121
401.0,12.266,8.9389,52.13,-55.692,5.008,75.14
401.5,12.35,9.2721,51.185,-55.43,5.004,75.159
402.0,12.243,9.5821,51.033,-55.189,4.999,75.178
402.5,12.14,9.5834,51.022,-54.957,4.995,75.197
403.0,12.504,9.5833,48.946,-54.847,4.99,75.217
403.5,12.361,9.5831,47.086,-54.849,4.985,75.236
404.0,12.068,9.5791,49.411,-54.593,4.981,75.255
404.5,11.994,9.4525,51.881,-54.015,4.976,75.274
405.0,11.92,9.33,56.219,-53.434,4.972,75.293
405.5,11.845,9.2075,60.639,-52.852,4.967,75.312
406.0,11.696,9.085,62.904,-52.428,4.963,75.331
406.5,11.466,8.9624,58.658,-52.099,4.958,75.35
407.0,11.235,8.8399,55.042,-51.77,4.954,75.369
407.5,11.002,8.7173,56.97,-51.441,4.949,75.389
408.0,10.775,8.5949,60.225,-51.112,4.944,75.413
408.5,11.049,8.4746,56.719,-50.783,4.94,75.437
409.0,11.274,8.4723,52.217,-50.455,4.935,75.461
409.5,11.49,8.4722,50.715,-50.125,4.931,75.486
410.0,11.703,8.4725,54.237,-49.745,4.926,75.51
410.5,11.58,8.4061,59.609,-49.066,4.922,75.534
411.0,11.278,8.2457,64.908,-48.398,4.918,75.558
411.5,11.439,8.3326,66.83,-47.723,4.915,75.574
412.0,11.596,8.5385,63.007,-47.874,4.911,75.58
412.5,11.753,8.7432,60.994,-48.138,4.908,75.585
413.0,11.909,8.948,61.649,-48.402,4.905,75.59
413.5,12.066,9.1537,62.113,-48.666,4.901,75.596
414.0,12.222,9.2704,61.271,-48.929,4.898,75.601
414.5,12.379,9.1237,56.964,-49.193,4.894,75.606
415.0,12.54,8.9776,53.088,-49.457,4.891,75.612
415.5,12.384,8.832,53.132,-49.721,4.888,75.617
416.0,11.639,8.6863,56.424,-49.924,4.884,75.622
416.5,11.105,8.5407,59.699,-50.058,4.881,75.628
417.0,10.807,8.3951,58.863,-50.193,4.877,75.633
417.5,10.751,8.2494,56.438,-50.33,4.874,75.638
418.0,10.843,8.1034,57.11,-50.182,4.871,75.644
418.5,10.934,7.9574,60.793,-49.494,4.867,75.649
419.0,11.025,8.0599,65.015,-49.785,4.864,75.654
419.5,11.116,8.2631,65.878,-47.091,4.861,75.66
420.0,11.208,8.4653,68.081,-44.257,4.857,75.665
420.5,11.466,8.6673,68.251,-44.08,4.854,75.67
421.0,11.871,8.8694,67.256,-43.886,4.85,75.676
421.5,12.276,9.0715,63.692,-43.688,4.847,75.681
422.0,12.681,9.2735,63.353,-43.49,4.844,75.692
422.5,13.087,9.4752,63.352,-43.292,4.84,75.708
423.0,13.382,9.7501,63.352,-43.095,4.837,75.723
423.5,13.637,10.102,63.352,-42.895,4.833,75.738
424.0,13.892,10.456,63.352,-42.681,4.83,75.754
424.5,14.147,10.81,63.352,-43.489,4.827,75.769
425.0,14.401,11.164,63.352,-46.007,4.823,75.798
425.5,14.657,11.517,63.352,-47.291,4.82,75.836
426.0,15.198,11.872,63.352,-48.235,4.817,75.868
426.5,17.186,12.045,63.352,-49.178,4.813,75.868
427.0,19.946,11.956,63.352,-51.188,4.81,75.868
427.5,29.487,14.04,63.352,-52.19,4.81,75.868
428.0,98.737,26.523,63.352,-53.139,5.433,75.868
428.5,96.312,-9.794,63.352,-57.898,7.992,75.868
429.0,96.25,960.18,63.352,-61.395,11.138,75.868
429.5,96.25,938.75,63.352,-59.021,10.85,75.868
430.0,96.25,938.75,63.352,-50.724,nan,nan
